{"count":1,"gauges":{},"self":0.3939542,"total":0.39694769999999996,"children":null}